f_GHz,er,h_mm,Zc_ohm,W_mm,eeff,Leff_mm,dL_mm,L_mm,lambda0_mm,x0_mm,W0_mm,G1_S,G12_S,Rin0_ohm,y0_mm,L0_mm
2.4,4.4,1.5,50.0,38.03628871563654,4.100597371243108,30.86430150815051,0.6932399072472553,29.477821693656,125.0,1.25,2.3851111620534096,0.002535752581042436,0.0005850983376771519,160.2127153850522,9.177069007851857,18.354138015703715
7.8,3.55,0.41,50.0,12.749875848688383,3.358044780367073,10.494298539017038,0.19597571032453084,10.102347118367977,38.46153846153847,0.38461538461538464,0.7845827064940107,0.0027624731005491494,0.0005928146580508638,149.01851524312298,3.064507682859923,6.129015365719846
7.8,3.55,0.41,50.0,12.749875848688383,3.358044780367073,10.494298539017038,0.19597571032453084,10.102347118367977,38.46153846153847,0.38461538461538464,0.7845827064940107,0.0027624731005491494,0.0005928146580508638,149.01851524312298,3.064507682859923,6.129015365719846
7.8,3.0,0.175,50.0,13.598207330510531,2.9307130404253905,11.233368558268346,0.08655774357969548,11.060253071108955,38.46153846153847,0.38461538461538464,0.37743177634167546,0.002946278254943948,0.000565851262539958,142.36377033105563,3.296937192324528,6.593874384649056
7.8,3.0,0.7150000000000001,50.0,13.598207330510531,2.7830285726374804,11.527571478013344,0.349950849813783,10.82766977838578,38.46153846153847,0.38461538461538464,1.6118077122487073,0.002946278254943948,0.0005905178869298749,141.37088481868113,3.2187089569418195,6.437417913883639
7.8,3.0,0.175,50.0,13.598207330510531,2.9307130404253905,11.233368558268346,0.08655774357969548,11.060253071108955,38.46153846153847,0.38461538461538464,0.37743177634167546,0.002946278254943948,0.000565851262539958,142.36377033105563,3.296937192324528,6.593874384649056
